[
{"country":"Abkhazia","capital":"Sukhumi","type":"countryCapital","_id":"7b45e9950a03bd78fef5b2eb0626e06c"},
{"country":"Afghanistan","capital":"Kabul","type":"countryCapital","_id":"7b45e9950a03bd78fef5b2eb0626e6be"},
{"country":"Akrotiri and Dhekelia","capital":"Episkopi Cantonment","type":"countryCapital","_id":"7b45e9950a03bd78fef5b2eb0626f280"},
{"country":"Albania","capital":"Tirana","type":"countryCapital","_id":"7b45e9950a03bd78fef5b2eb0626f359"},
{"country":"Algeria","capital":"Algiers","type":"countryCapital","_id":"7b45e9950a03bd78fef5b2eb0626f8d7"},
{"country":"American Samoa","capital":"Pago Pago","type":"countryCapital","_id":"7b45e9950a03bd78fef5b2eb0627050b"},
{"country":"Andorra","capital":"Andorra la Vella","type":"countryCapital","_id":"7b45e9950a03bd78fef5b2eb06270be1"},
{"country":"Angola","capital":"Luanda","type":"countryCapital","_id":"7b45e9950a03bd78fef5b2eb062719bf"},
{"country":"Anguilla","capital":"The Valley","type":"countryCapital","_id":"7b45e9950a03bd78fef5b2eb06271c04"},
{"country":"Antigua and Barbuda","capital":"St. John's","type":"countryCapital","_id":"7b45e9950a03bd78fef5b2eb0627237d"},
{"country":"Argentina","capital":"Buenos Aires","type":"countryCapital","_id":"7b45e9950a03bd78fef5b2eb06272a9b"},
{"country":"Armenia","capital":"Yerevan","type":"countryCapital","_id":"7b45e9950a03bd78fef5b2eb06272d8f"},
{"country":"Aruba","capital":"Oranjestad","type":"countryCapital","_id":"7b45e9950a03bd78fef5b2eb062735ad"},
{"country":"Ascension Island","capital":"Georgetown","type":"countryCapital","_id":"7b45e9950a03bd78fef5b2eb06273dba"},
{"country":"Australia","capital":"Canberra","type":"countryCapital","_id":"7b45e9950a03bd78fef5b2eb06273f97"},
{"country":"Austria","capital":"Vienna","type":"countryCapital","_id":"7b45e9950a03bd78fef5b2eb06274a67"},
{"country":"Azerbaijan","capital":"Baku","type":"countryCapital","_id":"7b45e9950a03bd78fef5b2eb06274c40"},
{"country":"Bahamas","capital":"Nassau","type":"countryCapital","_id":"7b45e9950a03bd78fef5b2eb06275044"},
{"country":"Bahrain","capital":"Manama","type":"countryCapital","_id":"7b45e9950a03bd78fef5b2eb062756b7"},
{"country":"Bangladesh","capital":"Dhaka","type":"countryCapital","_id":"7b45e9950a03bd78fef5b2eb0627665e"},
{"country":"Barbados","capital":"Bridgetown","type":"countryCapital","_id":"7b45e9950a03bd78fef5b2eb06276ca2"},
{"country":"Belarus","capital":"Minsk","type":"countryCapital","_id":"7b45e9950a03bd78fef5b2eb06277120"},
{"country":"Belgium","capital":"Brussels","type":"countryCapital","_id":"7b45e9950a03bd78fef5b2eb06277f7b"},
{"country":"Belize","capital":"Belmopan","type":"countryCapital","_id":"7b45e9950a03bd78fef5b2eb06278352"},
{"country":"Benin","capital":"Porto-Novo","type":"countryCapital","_id":"7b45e9950a03bd78fef5b2eb062791e1"},
{"country":"Bermuda","capital":"Hamilton","type":"countryCapital","_id":"7b45e9950a03bd78fef5b2eb06279c36"},
{"country":"Bhutan","capital":"Thimphu","type":"countryCapital","_id":"7b45e9950a03bd78fef5b2eb0627aa03"},
{"country":"Bolivia","capital":"Sucre","type":"countryCapital","_id":"7b45e9950a03bd78fef5b2eb0627aac5"},
{"country":"Bolivia","capital":"La Paz","type":"countryCapital","_id":"7b45e9950a03bd78fef5b2eb0627af26"},
{"country":"Bosnia and Herzegovina","capital":"Sarajevo","type":"countryCapital","_id":"7b45e9950a03bd78fef5b2eb0627b08b"},
{"country":"Botswana","capital":"Gaborone","type":"countryCapital","_id":"7b45e9950a03bd78fef5b2eb0627bed1"},
{"country":"Brazil","capital":"Brasília","type":"countryCapital","_id":"7b45e9950a03bd78fef5b2eb0627cb52"},
{"country":"British Virgin Islands","capital":"Road Town","type":"countryCapital","_id":"7b45e9950a03bd78fef5b2eb0627d288"},
{"country":"Brunei","capital":"Bandar Seri Begawan","type":"countryCapital","_id":"7b45e9950a03bd78fef5b2eb0627dce9"},
{"country":"Bulgaria","capital":"Sofia","type":"countryCapital","_id":"7b45e9950a03bd78fef5b2eb0627df10"},
{"country":"Burkina Faso","capital":"Ouagadougou","type":"countryCapital","_id":"7b45e9950a03bd78fef5b2eb0627e5fd"},
{"country":"Burundi","capital":"Bujumbura","type":"countryCapital","_id":"7b45e9950a03bd78fef5b2eb0627e715"},
{"country":"Cambodia","capital":"Phnom Penh","type":"countryCapital","_id":"7b45e9950a03bd78fef5b2eb0627e80c"},
{"country":"Cameroon","capital":"Yaoundé","type":"countryCapital","_id":"7b45e9950a03bd78fef5b2eb0627e968"},
{"country":"Canada","capital":"Ottawa","type":"countryCapital","_id":"7b45e9950a03bd78fef5b2eb0627f5c0"},
{"country":"Cape Verde","capital":"Praia","type":"countryCapital","_id":"7b45e9950a03bd78fef5b2eb0627fd82"},
{"country":"Cayman Islands","capital":"George Town","type":"countryCapital","_id":"7b45e9950a03bd78fef5b2eb06280bb3"},
{"country":"Central African Republic","capital":"Bangui","type":"countryCapital","_id":"7b45e9950a03bd78fef5b2eb06281817"},
{"country":"Chad","capital":"N'Djamena","type":"countryCapital","_id":"7b45e9950a03bd78fef5b2eb06281b08"},
{"country":"Chile","capital":"Santiago","type":"countryCapital","_id":"7b45e9950a03bd78fef5b2eb062824fd"},
{"country":"China","capital":"Beijing","type":"countryCapital","_id":"7b45e9950a03bd78fef5b2eb062831ed"},
{"country":"Christmas Island","capital":"Flying Fish Cove","type":"countryCapital","_id":"7b45e9950a03bd78fef5b2eb06283f3a"},
{"country":"Cocos (Keeling) Islands","capital":"West Island","type":"countryCapital","_id":"7b45e9950a03bd78fef5b2eb06283f79"},
{"country":"Colombia","capital":"Bogotá","type":"countryCapital","_id":"7b45e9950a03bd78fef5b2eb062841ed"},
{"country":"Comoros","capital":"Moroni","type":"countryCapital","_id":"7b45e9950a03bd78fef5b2eb062843c2"},
{"country":"Cook Islands","capital":"Avarua","type":"countryCapital","_id":"7b45e9950a03bd78fef5b2eb06284b44"},
{"country":"Costa Rica","capital":"San José","type":"countryCapital","_id":"7b45e9950a03bd78fef5b2eb06284d7d"},
{"country":"Croatia","capital":"Zagreb","type":"countryCapital","_id":"7b45e9950a03bd78fef5b2eb06284ef0"},
{"country":"Cuba","capital":"Havana","type":"countryCapital","_id":"7b45e9950a03bd78fef5b2eb06285a12"},
{"country":"Curaçao","capital":"Willemstad","type":"countryCapital","_id":"7b45e9950a03bd78fef5b2eb062866ca"},
{"country":"Cyprus","capital":"Nicosia","type":"countryCapital","_id":"7b45e9950a03bd78fef5b2eb0628702a"},
{"country":"Czech Republic","capital":"Prague","type":"countryCapital","_id":"7b45e9950a03bd78fef5b2eb062877f0"},
{"country":"Côte d'Ivoire","capital":"Yamoussoukro","type":"countryCapital","_id":"7b45e9950a03bd78fef5b2eb0628838a"},
{"country":"Democratic Republic of the Congo","capital":"Kinshasa","type":"countryCapital","_id":"7b45e9950a03bd78fef5b2eb062885f1"},
{"country":"Denmark","capital":"Copenhagen","type":"countryCapital","_id":"7b45e9950a03bd78fef5b2eb06288821"},
{"country":"Djibouti","capital":"Djibouti","type":"countryCapital","_id":"7b45e9950a03bd78fef5b2eb062896fd"},
{"country":"Dominica","capital":"Roseau","type":"countryCapital","_id":"7b45e9950a03bd78fef5b2eb06289cc0"},
{"country":"Dominican Republic","capital":"Santo Domingo","type":"countryCapital","_id":"7b45e9950a03bd78fef5b2eb0628a46f"},
{"country":"East Timor (Timor-Leste)","capital":"Dili","type":"countryCapital","_id":"7b45e9950a03bd78fef5b2eb0628b364"},
{"country":"Easter Island","capital":"Hanga Roa","type":"countryCapital","_id":"7b45e9950a03bd78fef5b2eb0628bb9e"},
{"country":"Ecuador","capital":"Quito","type":"countryCapital","_id":"7b45e9950a03bd78fef5b2eb0628c8c8"},
{"country":"Egypt","capital":"Cairo","type":"countryCapital","_id":"7b45e9950a03bd78fef5b2eb0628c987"},
{"country":"El Salvador","capital":"San Salvador","type":"countryCapital","_id":"7b45e9950a03bd78fef5b2eb0628d1eb"},
{"country":"Equatorial Guinea","capital":"Malabo","type":"countryCapital","_id":"7b45e9950a03bd78fef5b2eb0628d823"},
{"country":"Eritrea","capital":"Asmara","type":"countryCapital","_id":"7b45e9950a03bd78fef5b2eb0628e5a7"},
{"country":"Estonia","capital":"Tallinn","type":"countryCapital","_id":"7b45e9950a03bd78fef5b2eb0628f2d7"},
{"country":"Ethiopia","capital":"Addis Ababa","type":"countryCapital","_id":"7b45e9950a03bd78fef5b2eb06290256"},
{"country":"Falkland Islands","capital":"Stanley","type":"countryCapital","_id":"7b45e9950a03bd78fef5b2eb06290f3d"},
{"country":"Faroe Islands","capital":"Tórshavn","type":"countryCapital","_id":"7b45e9950a03bd78fef5b2eb062917f0"},
{"country":"Federated States of Micronesia","capital":"Palikir","type":"countryCapital","_id":"7b45e9950a03bd78fef5b2eb062917fa"},
{"country":"Fiji","capital":"Suva","type":"countryCapital","_id":"7b45e9950a03bd78fef5b2eb06292611"},
{"country":"Finland","capital":"Helsinki","type":"countryCapital","_id":"7b45e9950a03bd78fef5b2eb062926a5"},
{"country":"France","capital":"Paris","type":"countryCapital","_id":"7b45e9950a03bd78fef5b2eb062934e5"},
{"country":"French Guiana","capital":"Cayenne","type":"countryCapital","_id":"7b45e9950a03bd78fef5b2eb062944b9"},
{"country":"French Polynesia","capital":"Papeete","type":"countryCapital","_id":"7b45e9950a03bd78fef5b2eb062947f2"},
{"country":"Gabon","capital":"Libreville","type":"countryCapital","_id":"7b45e9950a03bd78fef5b2eb0629523b"},
{"country":"Gambia","capital":"Banjul","type":"countryCapital","_id":"7b45e9950a03bd78fef5b2eb0629616f"},
{"country":"Georgia","capital":"Tbilisi","type":"countryCapital","_id":"7b45e9950a03bd78fef5b2eb06296ccd"},
{"country":"Germany","capital":"Berlin","type":"countryCapital","_id":"7b45e9950a03bd78fef5b2eb062971d3"},
{"country":"Ghana","capital":"Accra","type":"countryCapital","_id":"7b45e9950a03bd78fef5b2eb062971d9"},
{"country":"Gibraltar","capital":"Gibraltar","type":"countryCapital","_id":"7b45e9950a03bd78fef5b2eb062979cd"},
{"country":"Greece","capital":"Athens","type":"countryCapital","_id":"7b45e9950a03bd78fef5b2eb06297d88"},
{"country":"Greenland","capital":"Nuuk","type":"countryCapital","_id":"7b45e9950a03bd78fef5b2eb062986d5"},
{"country":"Grenada","capital":"St. George's","type":"countryCapital","_id":"7b45e9950a03bd78fef5b2eb06298880"},
{"country":"Guam","capital":"Hagåtña","type":"countryCapital","_id":"7b45e9950a03bd78fef5b2eb06299436"},
{"country":"Guatemala","capital":"Guatemala City","type":"countryCapital","_id":"7b45e9950a03bd78fef5b2eb06299797"},
{"country":"Guernsey","capital":"St. Peter Port","type":"countryCapital","_id":"7b45e9950a03bd78fef5b2eb0629a4ea"},
{"country":"Guinea","capital":"Conakry","type":"countryCapital","_id":"7b45e9950a03bd78fef5b2eb0629af56"},
{"country":"Guinea-Bissau","capital":"Bissau","type":"countryCapital","_id":"7b45e9950a03bd78fef5b2eb0629bd83"},
{"country":"Guyana","capital":"Georgetown","type":"countryCapital","_id":"7b45e9950a03bd78fef5b2eb0629ccab"},
{"country":"Haiti","capital":"Port-au-Prince","type":"countryCapital","_id":"7b45e9950a03bd78fef5b2eb0629d74e"},
{"country":"Honduras","capital":"Tegucigalpa","type":"countryCapital","_id":"7b45e9950a03bd78fef5b2eb0629df4b"},
{"country":"Hungary","capital":"Budapest","type":"countryCapital","_id":"7b45e9950a03bd78fef5b2eb0629e518"},
{"country":"Iceland","capital":"Reykjavík","type":"countryCapital","_id":"7b45e9950a03bd78fef5b2eb0629f1e3"},
{"country":"India","capital":"New Delhi","type":"countryCapital","_id":"7b45e9950a03bd78fef5b2eb0629fb0f"},
{"country":"Indonesia","capital":"Jakarta","type":"countryCapital","_id":"7b45e9950a03bd78fef5b2eb062a038b"},
{"country":"Iran","capital":"Tehran","type":"countryCapital","_id":"7b45e9950a03bd78fef5b2eb062a1385"},
{"country":"Iraq","capital":"Baghdad","type":"countryCapital","_id":"7b45e9950a03bd78fef5b2eb062a1b9f"},
{"country":"Ireland","capital":"Dublin","type":"countryCapital","_id":"7b45e9950a03bd78fef5b2eb062a2b1c"},
{"country":"Isle of Man","capital":"Douglas","type":"countryCapital","_id":"7b45e9950a03bd78fef5b2eb062a3298"},
{"country":"Israel","capital":"Jerusalem","type":"countryCapital","_id":"7b45e9950a03bd78fef5b2eb062a32d8"},
{"country":"Italy","capital":"Rome","type":"countryCapital","_id":"7b45e9950a03bd78fef5b2eb062a403c"},
{"country":"Jamaica","capital":"Kingston","type":"countryCapital","_id":"7b45e9950a03bd78fef5b2eb062a4c4f"},
{"country":"Japan","capital":"Tokyo","type":"countryCapital","_id":"7b45e9950a03bd78fef5b2eb062a4df6"},
{"country":"Jersey","capital":"St. Helier","type":"countryCapital","_id":"7b45e9950a03bd78fef5b2eb062a4e39"},
{"country":"Jordan","capital":"Amman","type":"countryCapital","_id":"7b45e9950a03bd78fef5b2eb062a4e49"},
{"country":"Kazakhstan","capital":"Astana","type":"countryCapital","_id":"7b45e9950a03bd78fef5b2eb062a5393"},
{"country":"Kenya","capital":"Nairobi","type":"countryCapital","_id":"7b45e9950a03bd78fef5b2eb062a5a4d"},
{"country":"Kiribati","capital":"Tarawa","type":"countryCapital","_id":"7b45e9950a03bd78fef5b2eb062a6579"},
{"country":"Kosovo","capital":"Pristina","type":"countryCapital","_id":"7b45e9950a03bd78fef5b2eb062a74ba"},
{"country":"Kuwait","capital":"Kuwait City","type":"countryCapital","_id":"7b45e9950a03bd78fef5b2eb062a782c"},
{"country":"Kyrgyzstan","capital":"Bishkek","type":"countryCapital","_id":"7b45e9950a03bd78fef5b2eb062a79e2"},
{"country":"Laos","capital":"Vientiane","type":"countryCapital","_id":"7b45e9950a03bd78fef5b2eb062a7f27"},
{"country":"Latvia","capital":"Riga","type":"countryCapital","_id":"7b45e9950a03bd78fef5b2eb062a80d7"},
{"country":"Lebanon","capital":"Beirut","type":"countryCapital","_id":"7b45e9950a03bd78fef5b2eb062a8f4b"},
{"country":"Lesotho","capital":"Maseru","type":"countryCapital","_id":"7b45e9950a03bd78fef5b2eb062a97c0"},
{"country":"Liberia","capital":"Monrovia","type":"countryCapital","_id":"7b45e9950a03bd78fef5b2eb062aa51e"},
{"country":"Libya","capital":"Tripoli","type":"countryCapital","_id":"7b45e9950a03bd78fef5b2eb062aa937"},
{"country":"Liechtenstein","capital":"Vaduz","type":"countryCapital","_id":"7b45e9950a03bd78fef5b2eb062aabf8"},
{"country":"Lithuania","capital":"Vilnius","type":"countryCapital","_id":"7b45e9950a03bd78fef5b2eb062ab1d8"},
{"country":"Luxembourg","capital":"Luxembourg","type":"countryCapital","_id":"7b45e9950a03bd78fef5b2eb062abcce"},
{"country":"Macedonia","capital":"Skopje","type":"countryCapital","_id":"7b45e9950a03bd78fef5b2eb062ac4ba"},
{"country":"Madagascar","capital":"Antananarivo","type":"countryCapital","_id":"7b45e9950a03bd78fef5b2eb062ad118"},
{"country":"Malawi","capital":"Lilongwe","type":"countryCapital","_id":"7b45e9950a03bd78fef5b2eb062ad366"},
{"country":"Malaysia","capital":"Kuala Lumpur","type":"countryCapital","_id":"7b45e9950a03bd78fef5b2eb062ae209"},
{"country":"Maldives","capital":"Malé","type":"countryCapital","_id":"7b45e9950a03bd78fef5b2eb062ae37f"},
{"country":"Mali","capital":"Bamako","type":"countryCapital","_id":"7b45e9950a03bd78fef5b2eb062ae3e1"},
{"country":"Malta","capital":"Valletta","type":"countryCapital","_id":"7b45e9950a03bd78fef5b2eb062aea30"},
{"country":"Marshall Islands","capital":"Majuro","type":"countryCapital","_id":"7b45e9950a03bd78fef5b2eb062aebc1"},
{"country":"Mauritania","capital":"Nouakchott","type":"countryCapital","_id":"7b45e9950a03bd78fef5b2eb062afb37"},
{"country":"Mauritius","capital":"Port Louis","type":"countryCapital","_id":"7b45e9950a03bd78fef5b2eb062b03c9"},
{"country":"Mexico","capital":"Mexico City","type":"countryCapital","_id":"7b45e9950a03bd78fef5b2eb062b10f1"},
{"country":"Moldova","capital":"Chisinau","type":"countryCapital","_id":"7b45e9950a03bd78fef5b2eb062b11b3"},
{"country":"Monaco","capital":"Monaco","type":"countryCapital","_id":"7b45e9950a03bd78fef5b2eb062b1f1e"},
{"country":"Mongolia","capital":"Ulaanbaatar","type":"countryCapital","_id":"7b45e9950a03bd78fef5b2eb062b2b7e"},
{"country":"Montenegro","capital":"Podgorica","type":"countryCapital","_id":"7b45e9950a03bd78fef5b2eb062b2ec8"},
{"country":"Montserrat","capital":"Plymouth","type":"countryCapital","_id":"7b45e9950a03bd78fef5b2eb062b35dc"},
{"country":"Morocco","capital":"Rabat","type":"countryCapital","_id":"7b45e9950a03bd78fef5b2eb062b3b19"},
{"country":"Mozambique","capital":"Maputo","type":"countryCapital","_id":"7b45e9950a03bd78fef5b2eb062b48e6"},
{"country":"Myanmar","capital":"Naypyidaw","type":"countryCapital","_id":"7b45e9950a03bd78fef5b2eb062b4b87"},
{"country":"Nagorno-Karabakh Republic","capital":"Stepanakert","type":"countryCapital","_id":"7b45e9950a03bd78fef5b2eb062b5783"},
{"country":"Namibia","capital":"Windhoek","type":"countryCapital","_id":"7b45e9950a03bd78fef5b2eb062b5a8a"},
{"country":"Nauru","capital":"Yaren","type":"countryCapital","_id":"7b45e9950a03bd78fef5b2eb062b5f3a"},
{"country":"Nepal","capital":"Kathmandu","type":"countryCapital","_id":"7b45e9950a03bd78fef5b2eb062b6068"},
{"country":"Netherlands","capital":"Amsterdam","type":"countryCapital","_id":"7b45e9950a03bd78fef5b2eb062b6f11"},
{"country":"New Caledonia","capital":"Nouméa","type":"countryCapital","_id":"7b45e9950a03bd78fef5b2eb062b767c"},
{"country":"New Zealand","capital":"Wellington","type":"countryCapital","_id":"7b45e9950a03bd78fef5b2eb062b7917"},
{"country":"Nicaragua","capital":"Managua","type":"countryCapital","_id":"7b45e9950a03bd78fef5b2eb062b8683"},
{"country":"Niger","capital":"Niamey","type":"countryCapital","_id":"7b45e9950a03bd78fef5b2eb062b95ba"},
{"country":"Nigeria","capital":"Abuja","type":"countryCapital","_id":"7b45e9950a03bd78fef5b2eb062b9fd7"},
{"country":"Niue","capital":"Alofi","type":"countryCapital","_id":"7b45e9950a03bd78fef5b2eb062bae6c"},
{"country":"Norfolk Island","capital":"Kingston","type":"countryCapital","_id":"7b45e9950a03bd78fef5b2eb062bb311"},
{"country":"North Korea","capital":"Pyongyang","type":"countryCapital","_id":"7b45e9950a03bd78fef5b2eb062bbf3a"},
{"country":"Northern Cyprus","capital":"Nicosia","type":"countryCapital","_id":"7b45e9950a03bd78fef5b2eb062bcda6"},
{"country":"United Kingdom Northern Ireland","capital":"Belfast","type":"countryCapital","_id":"7b45e9950a03bd78fef5b2eb062bd690"},
{"country":"Northern Mariana Islands","capital":"Saipan","type":"countryCapital","_id":"7b45e9950a03bd78fef5b2eb062be4ae"},
{"country":"Norway","capital":"Oslo","type":"countryCapital","_id":"7b45e9950a03bd78fef5b2eb062be5e4"},
{"country":"Oman","capital":"Muscat","type":"countryCapital","_id":"7b45e9950a03bd78fef5b2eb062becfe"},
{"country":"Pakistan","capital":"Islamabad","type":"countryCapital","_id":"7b45e9950a03bd78fef5b2eb062bf526"},
{"country":"Palau","capital":"Ngerulmud","type":"countryCapital","_id":"7b45e9950a03bd78fef5b2eb062bfaab"},
{"country":"Palestine","capital":"Jerusalem","type":"countryCapital","_id":"7b45e9950a03bd78fef5b2eb062c0a16"},
{"country":"Panama","capital":"Panama City","type":"countryCapital","_id":"7b45e9950a03bd78fef5b2eb062c0c1c"},
{"country":"Papua New Guinea","capital":"Port Moresby","type":"countryCapital","_id":"7b45e9950a03bd78fef5b2eb062c1534"},
{"country":"Paraguay","capital":"Asunción","type":"countryCapital","_id":"7b45e9950a03bd78fef5b2eb062c1927"},
{"country":"Peru","capital":"Lima","type":"countryCapital","_id":"7b45e9950a03bd78fef5b2eb062c26e0"},
{"country":"Philippines","capital":"Manila","type":"countryCapital","_id":"7b45e9950a03bd78fef5b2eb062c2844"},
{"country":"Pitcairn Islands","capital":"Adamstown","type":"countryCapital","_id":"7b45e9950a03bd78fef5b2eb062c2f5d"},
{"country":"Poland","capital":"Warsaw","type":"countryCapital","_id":"7b45e9950a03bd78fef5b2eb062c390b"},
{"country":"Portugal","capital":"Lisbon","type":"countryCapital","_id":"7b45e9950a03bd78fef5b2eb062c4633"},
{"country":"Puerto Rico","capital":"San Juan","type":"countryCapital","_id":"7b45e9950a03bd78fef5b2eb062c4fd1"},
{"country":"Qatar","capital":"Doha","type":"countryCapital","_id":"7b45e9950a03bd78fef5b2eb062c55a8"},
{"country":"Republic of China (Taiwan)","capital":"Taipei","type":"countryCapital","_id":"7b45e9950a03bd78fef5b2eb062c5e3c"},
{"country":"Republic of the Congo","capital":"Brazzaville","type":"countryCapital","_id":"7b45e9950a03bd78fef5b2eb062c6cc2"},
{"country":"Romania","capital":"Bucharest","type":"countryCapital","_id":"7b45e9950a03bd78fef5b2eb062c7af2"},
{"country":"Russia","capital":"Moscow","type":"countryCapital","_id":"7b45e9950a03bd78fef5b2eb062c85ae"},
{"country":"Rwanda","capital":"Kigali","type":"countryCapital","_id":"7b45e9950a03bd78fef5b2eb062c86fe"},
{"country":"Saint Barthélemy","capital":"Gustavia","type":"countryCapital","_id":"7b45e9950a03bd78fef5b2eb062c8c31"},
{"country":"Saint Helena","capital":"Jamestown","type":"countryCapital","_id":"7b45e9950a03bd78fef5b2eb062c957f"},
{"country":"Saint Kitts and Nevis","capital":"Basseterre","type":"countryCapital","_id":"7b45e9950a03bd78fef5b2eb062ca540"},
{"country":"Saint Lucia","capital":"Castries","type":"countryCapital","_id":"7b45e9950a03bd78fef5b2eb062cb138"},
{"country":"Saint Martin","capital":"Marigot","type":"countryCapital","_id":"7b45e9950a03bd78fef5b2eb062cb19a"},
{"country":"Saint Pierre and Miquelon","capital":"St. Pierre","type":"countryCapital","_id":"7b45e9950a03bd78fef5b2eb062cb577"},
{"country":"Saint Vincent and the Grenadines","capital":"Kingstown","type":"countryCapital","_id":"7b45e9950a03bd78fef5b2eb062cbbde"},
{"country":"Samoa","capital":"Apia","type":"countryCapital","_id":"7b45e9950a03bd78fef5b2eb062cc4d0"},
{"country":"San Marino","capital":"San Marino","type":"countryCapital","_id":"7b45e9950a03bd78fef5b2eb062cd066"},
{"country":"Saudi Arabia","capital":"Riyadh","type":"countryCapital","_id":"7b45e9950a03bd78fef5b2eb062cdd2d"},
{"country":"Scotland","capital":"Edinburgh","type":"countryCapital","_id":"7b45e9950a03bd78fef5b2eb062ce882"},
{"country":"Senegal","capital":"Dakar","type":"countryCapital","_id":"7b45e9950a03bd78fef5b2eb062cf477"},
{"country":"Serbia","capital":"Belgrade","type":"countryCapital","_id":"7b45e9950a03bd78fef5b2eb062d0398"},
{"country":"Seychelles","capital":"Victoria","type":"countryCapital","_id":"7b45e9950a03bd78fef5b2eb062d0fd0"},
{"country":"Sierra Leone","capital":"Freetown","type":"countryCapital","_id":"7b45e9950a03bd78fef5b2eb062d1f29"},
{"country":"Singapore","capital":"Singapore","type":"countryCapital","_id":"7b45e9950a03bd78fef5b2eb062d2cf4"},
{"country":"Sint Maarten","capital":"Philipsburg","type":"countryCapital","_id":"7b45e9950a03bd78fef5b2eb062d3b8d"},
{"country":"Slovakia","capital":"Bratislava","type":"countryCapital","_id":"7b45e9950a03bd78fef5b2eb062d4807"},
{"country":"Slovenia","capital":"Ljubljana","type":"countryCapital","_id":"7b45e9950a03bd78fef5b2eb062d4b5c"},
{"country":"Solomon Islands","capital":"Honiara","type":"countryCapital","_id":"7b45e9950a03bd78fef5b2eb062d5a05"},
{"country":"Somalia","capital":"Mogadishu","type":"countryCapital","_id":"7b45e9950a03bd78fef5b2eb062d662d"},
{"country":"Somaliland","capital":"Hargeisa","type":"countryCapital","_id":"7b45e9950a03bd78fef5b2eb062d6750"},
{"country":"South Africa","capital":"Pretoria","type":"countryCapital","_id":"7b45e9950a03bd78fef5b2eb062d73f8"},
{"country":"South Georgia and the South Sandwich Islands","capital":"Grytviken","type":"countryCapital","_id":"7b45e9950a03bd78fef5b2eb062d79ba"},
{"country":"South Korea","capital":"Seoul","type":"countryCapital","_id":"7b45e9950a03bd78fef5b2eb062d8937"},
{"country":"South Ossetia","capital":"Tskhinvali","type":"countryCapital","_id":"7b45e9950a03bd78fef5b2eb062d96e5"},
{"country":"South Sudan South Sudan","capital":"Juba","type":"countryCapital","_id":"7b45e9950a03bd78fef5b2eb062da2c0"},
{"country":"Spain","capital":"Madrid","type":"countryCapital","_id":"7b45e9950a03bd78fef5b2eb062da5e1"},
{"country":"Sri Lanka","capital":"Sri Jayawardenapura Kotte","type":"countryCapital","_id":"7b45e9950a03bd78fef5b2eb062dabfa"},
{"country":"Sudan","capital":"Khartoum","type":"countryCapital","_id":"7b45e9950a03bd78fef5b2eb062db202"},
{"country":"Suriname","capital":"Paramaribo","type":"countryCapital","_id":"7b45e9950a03bd78fef5b2eb062db309"},
{"country":"Swaziland","capital":"Mbabane","type":"countryCapital","_id":"7b45e9950a03bd78fef5b2eb062db479"},
{"country":"Sweden","capital":"Stockholm","type":"countryCapital","_id":"7b45e9950a03bd78fef5b2eb062db497"},
{"country":"Switzerland","capital":"Bern","type":"countryCapital","_id":"7b45e9950a03bd78fef5b2eb062dc11e"},
{"country":"Syria","capital":"Damascus","type":"countryCapital","_id":"7b45e9950a03bd78fef5b2eb062dc133"},
{"country":"São Tomé and Príncipe","capital":"São Tomé","type":"countryCapital","_id":"7b45e9950a03bd78fef5b2eb062dc975"},
{"country":"Tajikistan","capital":"Dushanbe","type":"countryCapital","_id":"7b45e9950a03bd78fef5b2eb062dd594"},
{"country":"Tanzania","capital":"Dodoma","type":"countryCapital","_id":"7b45e9950a03bd78fef5b2eb062ddb79"},
{"country":"Thailand","capital":"Bangkok","type":"countryCapital","_id":"7b45e9950a03bd78fef5b2eb062de3f4"},
{"country":"Togo","capital":"Lomé","type":"countryCapital","_id":"7b45e9950a03bd78fef5b2eb062df1e1"},
{"country":"Tonga","capital":"Nukuʻalofa","type":"countryCapital","_id":"7b45e9950a03bd78fef5b2eb062df681"},
{"country":"Transnistria","capital":"Tiraspol","type":"countryCapital","_id":"7b45e9950a03bd78fef5b2eb062e0102"},
{"country":"Trinidad and Tobago","capital":"Port of Spain","type":"countryCapital","_id":"7b45e9950a03bd78fef5b2eb062e0c0d"},
{"country":"Tristan da Cunha","capital":"Edinburgh of the Seven Seas","type":"countryCapital","_id":"7b45e9950a03bd78fef5b2eb062e0da6"},
{"country":"Tunisia","capital":"Tunis","type":"countryCapital","_id":"7b45e9950a03bd78fef5b2eb062e0f2c"},
{"country":"Turkey","capital":"Ankara","type":"countryCapital","_id":"7b45e9950a03bd78fef5b2eb062e1329"},
{"country":"Turkmenistan","capital":"Ashgabat","type":"countryCapital","_id":"7b45e9950a03bd78fef5b2eb062e1910"},
{"country":"Turks and Caicos Islands","capital":"Cockburn Town","type":"countryCapital","_id":"7b45e9950a03bd78fef5b2eb062e1f91"},
{"country":"Tuvalu","capital":"Funafuti","type":"countryCapital","_id":"7b45e9950a03bd78fef5b2eb062e274d"},
{"country":"Uganda","capital":"Kampala","type":"countryCapital","_id":"7b45e9950a03bd78fef5b2eb062e31d7"},
{"country":"Ukraine","capital":"Kiev","type":"countryCapital","_id":"7b45e9950a03bd78fef5b2eb062e3882"},
{"country":"United Arab Emirates","capital":"Abu Dhabi","type":"countryCapital","_id":"7b45e9950a03bd78fef5b2eb062e42b5"},
{"country":"United Kingdom; England","capital":"London","type":"countryCapital","_id":"7b45e9950a03bd78fef5b2eb062e4786"},
{"country":"United States","capital":"Washington, D.C.","type":"countryCapital","_id":"7b45e9950a03bd78fef5b2eb062e4ae4"},
{"country":"United States Virgin Islands","capital":"Charlotte Amalie","type":"countryCapital","_id":"7b45e9950a03bd78fef5b2eb062e5006"},
{"country":"Uruguay","capital":"Montevideo","type":"countryCapital","_id":"7b45e9950a03bd78fef5b2eb062e504c"},
{"country":"Uzbekistan","capital":"Tashkent","type":"countryCapital","_id":"7b45e9950a03bd78fef5b2eb062e5c11"},
{"country":"Vanuatu","capital":"Port Vila","type":"countryCapital","_id":"7b45e9950a03bd78fef5b2eb062e65eb"},
{"country":"Vatican City","capital":"Vatican City","type":"countryCapital","_id":"7b45e9950a03bd78fef5b2eb062e706d"},
{"country":"Venezuela","capital":"Caracas","type":"countryCapital","_id":"7b45e9950a03bd78fef5b2eb062e7ab5"},
{"country":"Vietnam","capital":"Hanoi","type":"countryCapital","_id":"7b45e9950a03bd78fef5b2eb062e84fb"},
{"country":"Wales","capital":"Cardiff","type":"countryCapital","_id":"7b45e9950a03bd78fef5b2eb062e9262"},
{"country":"Wallis and Futuna","capital":"Mata-Utu","type":"countryCapital","_id":"7b45e9950a03bd78fef5b2eb062e9554"},
{"country":"Western Sahara","capital":"El Aaiún","type":"countryCapital","_id":"7b45e9950a03bd78fef5b2eb062ea1c7"},
{"country":"Yemen","capital":"Sanaá","type":"countryCapital","_id":"7b45e9950a03bd78fef5b2eb062ea318"},
{"country":"Zambia","capital":"Lusaka","type":"countryCapital","_id":"7b45e9950a03bd78fef5b2eb062ea617"},
{"country":"Zimbabwe","capital":"Harare","type":"countryCapital","_id":"7b45e9950a03bd78fef5b2eb062ea7a7"}
]
